timestamp,cpu,prediction,anomaly
2026-09-24 15:58:00,84.46267000000006,-1,Anomaly
2026-09-24 15:59:00,64.53612999999996,1,Normal
2026-09-24 16:00:00,44.61644466666663,1,Normal
2026-09-24 16:01:00,24.70673007647521,1,Normal
2026-09-24 16:02:00,4.809442592592674,1,Normal
2026-09-24 16:03:00,0.437540789187409,1,Normal
2026-09-24 16:04:00,6.066063944444281,1,Normal
2026-09-24 16:05:00,25.9786261726872,1,Normal
2026-09-24 16:06:00,45.89266629999984,1,Normal
2026-09-24 16:07:00,65.80123663470455,1,Normal
2026-09-24 16:08:00,85.72949309235743,-1,Anomaly
2026-09-24 16:10:00,74.48754499999991,1,Normal
2026-09-24 16:11:00,54.59493499999986,1,Normal
2026-09-24 16:12:00,34.688362777777584,1,Normal
2026-09-24 16:13:00,15.019926249999898,1,Normal
2026-09-24 16:14:00,0.6684210526316576,1,Normal
2026-09-24 16:15:00,0.6842105263155815,1,Normal
2026-09-24 16:16:00,0.6691298504895968,1,Normal
2026-09-24 16:17:00,0.6684210526315013,1,Normal
2026-09-24 16:18:00,0.4385964912279263,1,Normal
2026-09-24 16:19:00,0.4561403508771064,1,Normal
2026-09-24 16:20:00,0.4438596491227713,1,Normal
2026-09-24 16:21:00,0.4652615253980912,1,Normal
2026-09-24 16:22:00,0.4561403508772628,1,Normal
2026-09-24 16:23:00,0.4350877192981954,1,Normal
2026-09-24 16:24:00,0.4456140350875586,1,Normal
2026-09-24 16:25:00,0.4368421052632953,1,Normal
2026-09-24 16:26:00,0.4578947368420643,1,Normal
2026-09-24 16:27:00,0.45894253744693,1,Normal
2026-09-24 16:28:00,0.7122807017543096,1,Normal
2026-09-24 16:29:00,0.7122807017543096,1,Normal
2026-09-24 16:30:00,0.6947368421052857,1,Normal
